estimated_resident_population_persons_30_june_34_years_pc, overseas_born_population_census_born_southern_eastern_europe_pc, estimated_resident_population_females_30_june_70_74_years_pc, estimated_resident_population_persons_30_june_20_24_years_pc, estimated_resident_population_persons_30_june_60_64_years_num, estimated_resident_population_females_30_june_50_54_years_num, estmd_rsdnt_pltn_smry_stc_30_jne_wrkng_age_agd_15_64_yrs_nm, estimated_resident_population_persons_30_june_65_69_years_pc, estimated_resident_population_females_30_june_40_44_years_pc, estimated_resident_population_females_30_june_34_years_pc, estimated_resident_population_males_30_june_40_44_years_pc, estimated_resident_population_females_30_june_55_59_years_num, estimated_resident_population_males_30_june_males_85_pc, population_density_as_at_30_june_population_density_personskm2, estimated_resident_population_males_30_june_60_64_years_num, estmtd_rsdnt_ppltn_smmry_sttstcs_30_jne_fmls_ttl_nm, estimated_resident_population_persons_30_june_20_24_years_num, overseas_born_population_census_born_in_south_east_asia_pc, estimated_resident_population_males_30_june_65_69_years_pc, estimated_resident_population_males_30_june_15_19_years_num, estimated_resident_population_males_30_june_50_54_years_num, estimated_resident_population_females_30_june_25_29_years_pc, estimated_resident_population_males_30_june_males_5_9_years_pc, estmd_rsdnt_pltn_smry_stc_30_jne_wrkng_age_agd_15_64_yrs_pc, estimated_resident_population_persons_30_june_5_9_years_pc, estimated_resident_population_females_30_june_females_85_pc, estmtd_rsdnt_ppltn_smmry_sttstcs_30_jne_prsns_ttl_nm, estimated_resident_population_males_30_june_10_14_years_num, estimated_resident_population_females_30_june_65_69_years_num, religious_affiliation_census_other_religions_pc, estimated_resident_population_persons_30_june_55_59_years_num, estimated_resident_population_males_30_june_15_19_years_pc, estimated_resident_population_females_30_june_40_44_years_num, estimated_resident_population_persons_30_june_0_4_years_num, estimated_resident_population_persons_30_june_34_years_num, estimated_resident_population_females_30_june_20_24_years_pc, estimated_resident_population_persons_30_june_80_84_years_pc, estimated_resident_population_females_30_june_15_19_years_num, estimated_resident_population_males_30_june_males_0_4_years_num, estimated_resident_population_females_30_june_0_4_years_pc, australian_citizenship_census_australian_citizenship_stated_pc, brths_dths_yr_endd_31_dcmbr_and_stndrdsd_dth_rte_pr_1000_ppltn, estimated_resident_population_males_30_june_males_5_9_years_num, speaks_language_english_home_census_a_other_than_at_pc, estimated_resident_population_persons_30_june_50_54_years_pc, estimated_resident_population_females_30_june_10_14_years_pc, estimated_resident_population_females_30_june_75_79_years_pc, estimated_resident_population_persons_30_june_70_74_years_num, estimated_resident_population_females_30_june_females_85_num, estimated_resident_population_females_30_june_25_29_years_num, estimated_resident_population_females_30_june_65_69_years_pc, estimated_resident_population_males_30_june_80_84_years_num, religious_affiliation_census_buddhism_pc, estimated_resident_population_males_30_june_20_24_years_num, internal_overseas_migration_30_june_internal_arrivals_num, estimated_resident_population_males_30_june_20_24_years_pc, estimated_resident_population_females_30_june_20_24_years_num, estimated_resident_population_persons_30_june_10_14_years_num, estimated_resident_population_males_30_june_80_84_years_pc, religious_affiliation_census_no_religion_secular_beliefs_pc, estimated_resident_population_males_30_june_60_64_years_pc, estimated_resident_population_persons_30_june_35_39_years_num, religious_affiliation_census_inadequately_described_stated_pc, estimated_resident_population_persons_30_june_5_9_years_num, estimated_resident_population_females_30_june_75_79_years_num, estimated_resident_population_persons_30_june_persons_85_pc, estimated_resident_population_males_30_june_75_79_years_num, brths_dths_yr_endd_31_dcmbr_and_ttl_frtlty_rte_pr_fmle, estimated_resident_population_males_30_june_35_39_years_pc, estimated_resident_population_males_30_june_35_39_years_num, estimated_resident_population_females_30_june_50_54_years_pc, estimated_resident_population_females_30_june_10_14_years_num, estimated_resident_population_males_30_june_males_0_4_years_pc, estimated_resident_population_persons_30_june_25_29_years_pc, estimated_resident_population_females_30_june_60_64_years_pc, estimated_resident_population_persons_30_june_45_49_years_pc, estimated_resident_population_persons_30_june_25_29_years_num, religious_affiliation_census_christianity_pc, estimated_resident_population_persons_30_june_40_44_years_num, australian_citizenship_census_not_an_australian_citizen_pc, overseas_born_population_census_total_born_overseas_pc, internal_overseas_migration_30_june_internal_departures_num, estimated_resident_population_females_30_june_70_74_years_num, estimated_resident_population_persons_30_june_15_19_years_pc, estimated_resident_population_persons_30_june_55_59_years_pc, overseas_born_population_census_north_africa_middle_east_pc, religious_affiliation_census_hinduism_pc, estimated_resident_population_persons_30_june_80_84_years_num, estimated_resident_population_males_30_june_34_years_pc, overseas_born_population_census_born_in_north_east_asia_pc, internal_overseas_migration_30_june_net_internal_migration_num, estimated_resident_population_persons_30_june_0_4_years_pc, internal_overseas_migration_30_june_overseas_arrivals_num, religious_affiliation_census_islam_pc, estimated_resident_population_males_30_june_25_29_years_num, estimated_resident_population_males_30_june_70_74_years_num, estimated_resident_population_persons_30_june_15_19_years_num, estimated_resident_population_persons_30_june_70_74_years_pc, estimated_resident_population_females_30_june_80_84_years_num, estimated_resident_population_males_30_june_34_years_num, estimated_resident_population_males_30_june_70_74_years_pc, estimated_resident_population_persons_30_june_40_44_years_pc, estimated_resident_population_females_30_june_5_9_years_pc, overseas_born_population_census_born_in_americas_pc, estimated_resident_population_persons_30_june_50_54_years_num, overseas_born_population_census_born_southern_central_asia_pc, aboriginal_torres_strait_islander_peoples_census_and_pc, estimated_resident_population_males_30_june_65_69_years_num, religious_affiliation_census_judaism_pc, estimated_resident_population_females_30_june_35_39_years_num, estimated_resident_population_males_30_june_40_44_years_num, estimated_resident_population_males_30_june_45_49_years_pc, estimated_resident_population_males_30_june_55_59_years_pc, sa3_name_2016, estimated_resident_population_persons_30_june_60_64_years_pc, estimated_resident_population_persons_30_june_persons_85_num, australian_citizenship_census_australian_citizen_pc, estimated_resident_population_females_30_june_15_19_years_pc, estimated_resident_population_males_30_june_10_14_years_pc, estimated_resident_population_females_30_june_80_84_years_pc, estimated_resident_population_males_30_june_50_54_years_pc, estimated_resident_population_females_30_june_45_49_years_pc, estimated_resident_population_persons_30_june_35_39_years_pc, estmtd_rsdnt_ppltn_smmry_sttstcs_30_jne_mls_ttl_nm, estmtd_rsdnt_ppltn_smmry_sttstcs_30_jne_mdn_age_fmls_yrs, overseas_born_population_census_born_in_north_west_europe_pc, estimated_resident_population_females_30_june_35_39_years_pc, estimated_resident_population_females_30_june_55_59_years_pc, estimated_resident_population_females_30_june_45_49_years_num, internal_overseas_migration_30_june_net_overseas_migration_num, ovrss_brn_ppltn_cnss_ocna_antrctca_excldng_astrla_pc, estimated_resident_population_males_30_june_males_85_num, estimated_resident_population_males_30_june_25_29_years_pc, internal_overseas_migration_30_june_overseas_departures_num, estimated_resident_population_males_30_june_45_49_years_num, births_deaths_year_ended_31_december_and_num, estimated_resident_population_females_30_june_34_years_num, religious_affiliation_census_other_spiritual_beliefs_pc, estimated_resident_population_males_30_june_75_79_years_pc, estmtd_rsdnt_ppltn_smmry_sttstcs_30_jne_mdn_age_prsns_yrs, estimated_resident_population_persons_30_june_75_79_years_pc, estimated_resident_population_females_30_june_0_4_years_num, estmtd_rsdnt_ppltn_smmry_sttstcs_30_jne_mdn_age_mls_yrs, estimated_resident_population_persons_30_june_65_69_years_num, brths_dths_yr_endd_31_dcmbr_and_nm, estimated_resident_population_females_30_june_60_64_years_num, yr, estimated_resident_population_persons_30_june_10_14_years_pc, estimated_resident_population_persons_30_june_75_79_years_num, estimated_resident_population_females_30_june_5_9_years_num, estimated_resident_population_males_30_june_55_59_years_num, estimated_resident_population_persons_30_june_45_49_years_num, overseas_born_population_census_born_in_sub_saharan_africa_pc, sa3_code_2016
8.1,null,3.8,7.6,8013,5188,111539,4.1,6.5,8.4,6.5,4645,2.0,4052.3,3930,84482,12554,null,4.0,4783,4754,8.8,6.4,67.6,6.1,3.3,164929,5153,3502,null,9110,5.9,5489,9228,13417,7.5,2.0,4514,4735,5.3,null,null,5109,null,6.0,5.6,2.5,6034,2775,7412,4.1,1334,null,6247,11861,7.8,6307,9851,1.7,null,4.9,12353,null,10046,2083,2.7,1764,null,7.7,6166,6.1,4698,5.9,8.9,4.8,6.9,14694,null,10751,null,null,12834,3208,5.6,5.5,null,null,3255,7.9,null,-973,5.6,6130,null,7282,2826,9297,3.7,1921,6334,3.5,6.5,5.8,null,9942,null,null,3208,null,6187,5262,6.8,5.6,"Glen Eira",4.9,4419,null,5.3,6.4,2.3,5.9,7.1,7.5,80447,37.1,null,7.3,5.5,5957,2915,null,1644,9.1,3215,5451,null,7083,null,2.2,36.3,2.3,4493,35.5,6710,null,4083,2019,6.0,3847,4937,4465,11408,null,"20802"
6.5,null,4.6,7.6,6307,3489,71097,5.1,5.9,6.4,5.8,3583,1.7,249.2,2974,57469,8488,null,4.9,3503,3159,7.1,7.0,63.6,6.6,2.9,111732,3679,3000,null,6808,6.5,3376,7069,7215,7.3,2.1,3337,3657,5.9,null,null,3786,null,5.9,6.2,3.1,4986,1666,4076,5.2,982,null,4292,6755,7.9,4196,7265,1.8,null,5.5,6935,null,7396,1763,2.3,1575,null,6.1,3324,6.1,3586,6.7,7.4,5.8,6.3,8268,null,6534,null,null,5541,2659,6.1,6.1,null,null,2356,6.5,null,1214,6.3,907,null,4192,2327,6840,4.5,1374,3533,4.3,5.8,6.3,null,6648,null,null,2655,null,3611,3158,6.2,5.9,"Ballarat",5.6,2570,null,5.8,6.8,2.4,5.8,6.5,6.2,54263,38.9,null,6.3,6.2,3716,549,null,904,7.7,358,3338,null,3682,null,2.9,37.4,3.0,3412,35.7,5655,null,3333,2019,6.5,3338,3610,3225,7054,null,"20101"
4.1,null,6.2,4.4,2372,1151,17816,7.7,6.1,4.3,6.0,1296,1.8,8.1,1160,14866,1311,null,8.0,845,1081,3.3,5.9,60.1,5.8,2.7,29625,985,1103,null,2538,5.7,903,1451,1219,3.9,2.3,774,734,4.8,null,null,876,null,7.5,6.4,3.8,1902,394,497,7.4,332,null,734,2448,5.0,577,1943,2.2,null,7.9,1575,null,1725,572,2.2,601,null,4.8,713,7.7,958,5.0,3.4,8.2,7.3,1010,null,1788,null,null,2255,922,5.5,8.6,null,null,673,3.9,null,193,4.9,111,null,513,980,1619,6.4,341,573,6.6,6.0,5.7,null,2232,null,null,1176,null,862,885,7.2,8.4,"Creswick - Daylesford - Ballan",8.0,663,null,5.2,6.7,2.3,7.3,7.3,5.3,14759,48.0,null,5.8,8.7,1092,66,null,269,3.5,45,1060,null,646,null,4.1,47.8,4.0,717,47.6,2279,null,1212,2019,6.6,1173,849,1242,2152,null,"20102"
4.4,null,6.9,4.6,2175,891,15027,8.2,5.3,4.9,5.4,998,2.2,4.2,1127,12714,1203,null,8.4,754,908,3.4,5.4,57.4,5.7,2.9,26195,853,1015,null,2013,5.6,671,1228,1142,4.6,3.1,705,642,4.6,null,null,730,null,6.9,5.8,4.9,1925,367,429,8.0,411,null,618,1976,4.6,585,1590,3.0,null,8.4,1172,null,1481,626,2.5,690,null,4.2,569,7.0,737,4.8,3.8,8.2,6.4,995,null,1405,null,null,1749,874,5.6,7.7,null,null,819,3.8,null,227,4.7,58,null,566,1051,1459,7.3,408,513,7.8,5.4,5.9,null,1799,null,null,1136,null,603,734,6.5,7.5,"Maryborough - Pyrenees",8.3,658,null,5.5,6.3,3.2,6.7,6.2,4.5,13481,49.2,null,4.7,7.8,791,36,null,291,4.2,22,873,null,629,null,5.1,49.3,5.0,586,49.4,2151,null,1048,2019,6.1,1316,751,1015,1664,null,"20103"
6.7,null,4.3,7.2,5671,2990,63689,5.3,5.7,6.7,5.7,3214,1.9,351.3,2609,51940,7297,null,5.1,3313,2692,7.3,7.2,63.1,6.7,2.9,100991,3419,2791,null,6151,6.8,2968,6378,6799,7.2,2.3,3036,3182,6.2,null,null,3552,null,5.6,6.0,3.3,4327,1514,3813,5.4,1062,null,3564,6282,7.3,3733,6534,2.2,null,5.3,6203,null,6812,1723,2.4,1437,null,6.1,2980,5.8,3115,6.5,7.4,5.9,6.2,7493,null,5781,null,null,5337,2245,6.3,6.1,null,null,2348,6.7,null,945,6.3,801,null,3680,2082,6349,4.3,1286,3305,4.2,5.7,6.3,null,5682,null,null,2517,null,3223,2813,6.1,6.0,"Bendigo",5.6,2435,null,5.8,7.0,2.5,5.5,6.3,6.1,49051,38.6,null,6.2,6.2,3277,485,null,921,7.5,316,2986,null,3494,null,2.9,37.2,3.1,3196,35.9,5308,null,3062,2019,6.5,3160,3260,2937,6263,null,"20201"
4.4,null,5.9,4.5,3805,1818,30328,7.4,6.7,4.4,6.2,2038,1.9,12.8,1892,25095,2287,null,7.2,1493,1767,3.5,6.4,60.3,6.2,2.7,50312,1623,1909,null,3938,5.9,1678,2526,2236,4.0,2.4,1351,1284,4.9,null,null,1606,null,7.1,6.2,3.9,3056,682,889,7.6,560,null,1293,3952,5.1,994,3167,2.2,null,7.5,2756,null,3117,984,2.3,1046,null,5.3,1324,7.2,1544,5.1,3.8,7.6,7.4,1888,null,3242,null,null,3405,1486,5.7,7.8,null,null,1193,4.5,null,547,5.0,242,null,999,1570,2844,6.1,633,1138,6.2,6.4,6.0,null,3585,null,null,1817,null,1432,1564,7.4,7.5,"Heathcote - Castlemaine - Kyneton",7.6,1169,null,5.4,6.4,2.5,7.0,7.5,5.5,25217,47.2,null,5.7,8.1,1893,148,null,487,4.0,94,1854,null,1098,null,4.1,46.5,4.0,1242,45.8,3726,null,1913,2019,6.3,2030,1511,1900,3747,null,"20202"
4.0,null,6.2,3.7,991,428,6781,8.1,5.5,4.4,5.5,514,2.5,1.5,536,5682,434,null,8.3,371,451,3.5,6.0,58.4,6.0,3.3,11615,367,445,null,991,6.3,312,564,464,3.5,2.7,377,288,4.9,null,null,354,null,7.6,6.0,3.9,776,185,198,7.8,152,null,236,916,4.0,198,710,2.6,null,9.0,541,null,697,220,2.9,276,null,4.5,268,7.5,343,4.9,3.2,8.0,6.2,377,null,636,null,null,925,351,6.4,8.5,null,null,318,3.6,null,-9,4.9,28,null,179,425,748,6.7,166,212,7.2,5.5,6.0,null,879,null,null,495,null,273,324,6.3,8.0,"Loddon - Elmore",8.5,333,null,6.6,6.2,2.9,7.6,6.1,4.7,5933,49.0,null,4.8,9.0,346,17,null,148,3.0,11,374,null,252,null,4.7,49.5,4.3,276,49.9,940,null,455,2019,6.1,496,343,477,720,null,"20203"
5.6,null,4.2,5.2,1293,691,13138,5.5,7.1,5.9,6.8,702,0.9,8.0,664,10200,1077,null,5.8,733,732,4.9,8.0,63.4,7.6,1.4,20732,842,536,null,1387,7.0,723,1335,1169,4.2,1.3,695,667,6.5,null,null,846,null,6.9,7.7,2.5,881,147,501,5.3,145,null,652,1933,6.2,425,1626,1.4,null,6.3,1372,null,1568,258,1.1,284,null,5.8,615,6.8,784,6.3,4.6,6.2,7.7,951,null,1435,null,null,1528,428,6.9,6.7,null,null,261,5.4,null,405,6.4,53,null,450,453,1428,4.2,116,565,4.3,6.9,7.1,null,1423,null,null,608,null,757,712,7.5,6.5,"Barwon - West",6.2,237,null,6.8,8.0,1.1,7.0,8.0,6.6,10532,39.7,null,7.4,6.9,814,32,null,90,4.3,21,789,null,604,null,2.7,39.5,2.6,668,39.2,1144,null,629,2019,7.8,542,722,685,1603,null,"20301"
7.2,null,4.6,7.6,11249,6230,133754,4.9,5.8,7.1,6.0,6522,1.8,224.3,5398,104913,15606,null,4.6,6406,5955,7.5,6.2,64.9,6.0,3.3,206080,6078,5328,null,12425,6.3,6134,12723,14792,7.3,2.3,6106,6497,5.9,null,null,6254,null,5.9,5.5,3.3,9011,3433,7904,5.1,2128,null,7952,12449,7.9,7654,11809,2.1,null,5.3,13104,null,12284,3500,2.6,2928,null,6.5,6529,5.9,5731,6.4,8.0,5.6,6.4,16421,null,12209,null,null,10866,4780,6.1,6.0,null,null,4756,7.2,null,1583,6.2,2813,null,8517,4231,12512,4.4,2628,7331,4.2,5.9,5.7,null,12185,null,null,4702,null,6575,6075,6.4,5.8,"Geelong",5.5,5285,null,5.8,6.0,2.5,5.9,6.5,6.4,101167,39.0,null,6.3,6.2,6820,1702,null,1852,8.4,1111,6431,null,7461,null,2.9,37.5,3.1,6226,36.1,10030,null,5851,2019,5.7,6428,6030,5903,13251,null,"20302"
5.5,null,5.8,4.6,5936,2603,48814,7.0,6.6,5.7,6.4,2800,2.0,89.6,2782,42458,3853,null,7.0,2371,2288,4.1,7.5,58.6,7.1,2.9,83316,2871,3010,null,5303,5.8,2797,4974,4577,4.1,2.5,2193,2629,5.5,null,null,3072,null,5.9,6.2,3.9,4913,1215,1744,7.1,998,null,2103,7915,5.1,1750,5505,2.4,null,6.8,5246,null,5934,1659,2.4,1525,null,6.0,2443,6.1,2634,6.4,4.2,7.4,6.7,3476,null,5407,null,null,4956,2483,5.5,6.4,null,null,2108,5.2,null,2959,6.0,594,null,1732,2430,4564,5.9,1110,2141,5.9,6.5,6.7,null,4891,null,null,2859,null,2803,2610,6.6,6.1,"Surf Coast - Bellarine Peninsula",7.1,2015,null,5.2,7.0,2.6,5.6,6.7,6.3,40858,44.4,null,6.6,6.6,2860,361,null,800,4.2,233,2701,null,2436,null,3.7,43.3,3.8,2345,42.2,5869,null,3154,2019,6.6,3184,2862,2503,5561,null,"20303"
5.0,null,6.1,5.3,4331,1885,34488,7.1,5.3,5.3,5.4,2180,2.1,4.1,2180,28323,3051,null,7.3,1826,1813,5.2,6.0,60.2,5.8,2.8,57258,1791,1929,null,4325,6.3,1510,2895,2867,4.5,2.6,1668,1491,5.0,null,null,1743,null,6.5,6.0,4.2,3674,793,1482,6.8,700,null,1768,4799,6.1,1283,3502,2.4,null,7.5,3117,null,3328,1181,2.4,1248,null,5.1,1473,6.7,1711,5.2,5.2,7.6,6.2,2961,null,3073,null,null,4195,1741,6.1,7.6,null,null,1501,4.7,null,604,5.1,536,null,1479,1933,3494,6.4,801,1365,6.7,5.4,5.6,null,3698,null,null,2119,null,1644,1563,5.9,7.4,"Upper Goulburn Valley",7.6,1393,null,5.9,6.2,2.8,6.3,6.6,5.4,28935,46.1,null,5.8,7.7,1873,325,null,600,5.1,211,1698,null,1502,null,4.3,45.5,4.2,1404,44.9,4048,null,2151,2019,6.1,2429,1585,2145,3571,null,"20401"
4.9,null,6.1,4.8,3490,1632,27632,7.1,5.4,4.9,5.3,1815,2.6,7.2,1692,24149,2256,null,7.2,1466,1464,4.3,6.3,58.4,5.9,4.1,47351,1515,1688,null,3500,6.3,1310,2503,2311,4.4,3.1,1468,1243,5.2,null,null,1459,null,6.5,6.1,4.4,2944,990,1041,7.0,668,null,1205,2657,5.2,1051,2995,2.9,null,7.3,2361,null,2784,1072,3.3,1036,null,4.8,1106,6.8,1480,5.4,4.5,7.4,6.4,2117,null,2551,null,null,2596,1464,6.2,7.4,null,null,1450,4.8,null,61,5.3,200,null,1076,1480,2934,6.2,782,1120,6.4,5.4,5.5,null,3096,null,null,1664,null,1255,1241,6.4,7.3,"Wangaratta - Benalla",7.4,1583,null,6.1,6.5,3.2,6.3,6.3,5.0,23202,47.4,null,5.2,7.5,1527,118,null,593,4.6,82,1489,null,1191,null,4.5,46.5,4.5,1260,45.6,3352,null,1798,2019,6.3,2108,1325,1685,3016,null,"20402"
5.9,null,5.1,5.7,4985,2501,45940,6.1,5.8,6.1,5.5,2651,1.7,5.5,2401,37382,4201,null,6.2,2388,2231,5.6,6.7,62.0,6.6,2.5,74077,2522,2223,null,5342,6.5,2180,4389,4394,5.1,2.2,2170,2180,5.9,null,null,2458,null,6.4,6.5,3.5,3799,951,2100,5.9,728,null,2295,5522,6.3,1906,4940,2.0,null,6.5,4120,null,4855,1314,2.1,1170,null,5.3,1952,6.7,2418,5.9,5.9,6.9,6.8,4389,null,4204,null,null,5146,1897,6.2,7.2,null,null,1607,5.8,null,376,5.9,483,null,2289,1902,4558,5.1,879,2115,5.2,5.7,6.4,null,4732,null,null,2259,null,2168,2024,6.7,7.3,"Wodonga - Alpine",6.7,1581,null,5.8,6.9,2.4,6.1,6.8,5.6,36695,42.4,null,5.8,7.1,2555,295,null,630,6.2,188,2460,null,2279,null,3.2,41.5,3.4,2209,40.4,4482,null,2584,2019,6.7,2484,2397,2691,5015,null,"20403"
6.2,null,5.3,5.8,3532,1751,32357,6.2,5.6,6.2,5.2,1882,1.7,13.6,1721,27426,3101,null,6.0,1609,1549,5.7,6.9,60.5,6.7,2.4,53486,1844,1759,null,3661,6.2,1544,3332,3312,5.7,2.4,1580,1679,6.0,null,null,1786,null,6.2,6.5,3.6,2871,667,1568,6.4,669,null,1547,4234,5.9,1554,3614,2.6,null,6.6,3043,null,3568,996,2.1,1012,null,5.6,1447,6.4,1770,6.4,5.6,6.6,6.2,3004,null,2898,null,null,3230,1441,6.0,6.8,null,null,1310,6.2,null,1004,6.2,219,null,1436,1430,3189,5.4,641,1618,5.5,5.4,6.5,null,3300,null,null,1561,null,1596,1354,6.1,6.8,"Baw Baw",6.6,1106,null,5.8,7.1,2.3,5.9,6.3,5.7,26060,41.7,null,5.8,6.9,1737,131,null,439,5.5,88,1580,null,1694,null,3.9,41.0,3.8,1653,40.2,3320,null,1811,2019,6.8,2008,1782,1779,3317,null,"20501"
4.5,null,7.5,4.0,3807,1578,25862,8.8,4.7,4.6,4.5,1819,2.7,2.2,1838,23892,1911,null,9.0,1283,1365,4.4,5.6,54.5,5.5,3.5,47422,1389,2069,null,3545,5.5,1122,2426,2134,3.7,3.4,1222,1258,4.9,null,null,1320,null,6.2,5.4,5.3,3926,826,1046,8.7,765,null,1034,3023,4.4,877,2681,3.3,null,7.8,2161,null,2619,1261,3.1,1366,null,4.4,1033,6.6,1292,5.3,4.2,8.2,5.7,1976,null,2192,null,null,2585,1801,5.3,7.5,null,null,1630,4.4,null,438,5.1,156,null,930,2125,2505,8.3,865,1028,9.0,4.6,5.4,null,2943,null,null,2111,null,1128,1070,5.3,7.3,"Gippsland - East",8.0,1471,null,5.1,5.9,3.6,5.8,6.0,4.6,23530,50.7,null,4.7,7.6,1444,93,null,645,4.0,63,1244,null,1106,null,5.8,50.7,5.5,1168,50.6,4180,null,1969,2019,5.7,2627,1299,1726,2688,null,"20502"
4.9,null,7.2,3.8,5346,2182,37564,8.2,5.2,4.9,5.1,2569,2.5,15.1,2544,33732,2542,null,8.2,1785,2070,4.3,6.4,56.6,6.0,3.6,66346,2014,2790,null,5061,5.5,1752,3489,3226,3.4,2.9,1782,1852,4.9,null,null,2081,null,6.4,5.9,4.6,4769,1226,1459,8.3,954,null,1409,4694,4.3,1133,3993,2.9,null,7.8,3309,null,3997,1539,3.1,1555,null,4.7,1518,6.5,1979,5.7,4.2,8.3,6.1,2779,null,3412,null,null,3546,2425,5.4,7.6,null,null,1951,4.8,null,1148,5.3,320,null,1320,2344,3567,7.2,997,1573,7.2,5.1,5.7,null,4252,null,null,2673,null,1791,1660,6.0,7.6,"Gippsland - South West",8.1,2026,null,5.3,6.2,3.0,6.3,6.2,5.0,32614,49.2,null,5.3,7.6,2100,194,null,800,4.0,126,1970,null,1653,null,4.8,48.5,4.7,1637,47.9,5463,null,2802,2019,6.0,3094,1916,2492,4070,null,"20503"
6.5,null,4.9,6.2,5073,2416,47382,6.0,5.4,6.7,5.5,2743,1.8,51.0,2468,38196,4650,null,6.0,2265,2337,6.8,6.4,62.8,6.1,2.8,75390,2331,2245,null,5303,6.1,2063,4568,4868,5.8,2.4,2153,2346,5.8,null,null,2367,null,6.3,5.8,3.4,3710,1072,2592,5.9,791,null,2427,4319,6.5,2223,4544,2.1,null,6.6,4414,null,4588,1300,2.3,1274,null,5.8,2152,6.3,2213,6.3,6.9,6.8,6.1,5178,null,4107,null,null,4304,1884,5.9,7.0,null,null,1783,6.2,null,15,6.1,391,null,2586,1826,4418,4.9,992,2304,4.9,5.4,5.8,null,4753,null,null,2242,null,2262,2044,5.9,6.9,"Latrobe Valley",6.7,1754,null,5.6,6.3,2.6,6.3,6.4,5.9,37194,41.6,null,5.9,7.2,2426,238,null,682,7.0,153,2192,null,2564,null,3.4,40.6,3.4,2222,39.6,4487,null,2605,2019,6.0,2574,2221,2560,4618,null,"20504"
5.8,null,5.5,5.3,3237,1450,27204,7.0,5.4,5.7,6.0,1655,1.9,4.4,1582,21626,2362,null,7.0,1290,1343,5.2,5.9,61.4,6.0,2.5,44308,1428,1530,null,3256,5.7,1162,2507,2590,4.7,2.4,1251,1312,5.5,null,null,1348,null,6.3,6.1,3.7,2502,550,1132,7.1,467,null,1356,3287,6.0,1006,2744,2.1,null,7.0,2655,null,2650,796,2.2,775,null,6.2,1404,6.7,1316,5.8,5.6,7.7,6.3,2473,null,2520,null,null,3189,1191,5.7,7.3,null,null,1044,6.0,null,98,5.7,303,null,1341,1311,2541,5.6,577,1366,5.8,5.7,6.0,null,2793,null,null,1581,null,1251,1358,6.1,7.1,"Wellington",7.3,975,null,5.8,6.3,2.7,5.9,6.4,6.0,22682,44.9,null,5.8,7.7,1383,184,null,425,5.9,119,1394,null,1224,null,3.4,43.3,3.5,1195,41.8,3111,null,1655,2019,6.2,1571,1302,1601,2777,null,"20505"
12.5,null,2.7,9.0,4024,2556,75126,3.1,6.7,12.1,7.5,2449,1.5,4878.4,1902,51019,8996,null,3.0,1767,2472,13.5,4.5,75.4,4.4,2.1,99584,1880,1625,null,4670,3.6,3434,5060,12411,9.5,1.8,1827,2597,4.8,null,null,2199,null,5.0,3.5,2.1,2585,1055,6904,3.2,725,null,4166,9475,8.6,4830,3688,1.5,null,3.9,9666,null,4385,1090,1.8,950,null,10.1,4887,5.0,1808,5.3,13.5,4.2,6.3,13404,null,7064,null,null,9685,1396,3.6,4.7,null,null,1795,12.8,null,-210,5.1,3866,null,6500,1189,3594,2.6,1070,6228,2.4,7.1,4.3,null,5028,null,null,1475,null,4779,3630,6.2,4.6,"Brunswick - Coburg",4.0,1805,null,3.6,3.9,2.1,5.1,6.4,9.7,48565,34.4,null,9.4,4.8,3242,1900,null,750,13.4,1966,3027,null,6183,null,2.0,34.2,2.0,2463,34.1,3100,null,2122,2019,3.7,2040,2186,2221,6269,null,"20601"
10.8,null,2.8,6.7,2519,1915,42141,3.5,7.4,10.9,7.3,1702,1.6,4156.3,1242,30698,3932,null,3.4,1254,1702,11.0,5.7,72.3,5.3,2.5,58302,1405,1100,null,3216,4.5,2286,2986,6305,6.9,2.0,1219,1499,4.8,null,null,1565,null,6.2,4.6,2.3,1600,766,3372,3.6,487,null,1800,5660,6.5,2132,2818,1.8,null,4.5,5207,null,3069,705,2.1,570,null,9.1,2508,6.2,1413,5.4,10.7,4.2,7.5,6223,null,4297,null,null,5791,847,4.2,5.5,null,null,1161,10.7,null,-131,5.1,1402,null,2851,753,2473,2.7,674,2967,2.7,7.4,4.9,null,3617,null,null,932,null,2699,2011,7.6,5.5,"Darebin - South",4.3,1220,null,4.0,5.1,2.2,6.2,7.4,8.9,27604,36.6,null,8.8,5.5,2262,663,null,454,10.3,739,2090,null,3338,null,2.1,36.2,2.2,1487,35.9,2032,null,1277,2019,4.8,1275,1504,1514,4352,null,"20602"
9.9,null,3.0,7.8,3808,2375,53572,4.0,6.6,9.7,6.6,2185,1.5,4108.2,1828,38373,5828,null,4.0,1909,2258,10.1,5.5,71.6,5.1,2.6,74831,1858,1505,null,4262,5.2,2548,4230,7395,7.8,1.7,1897,2168,5.4,null,null,1998,null,6.2,4.7,2.2,2226,1004,3875,3.9,502,null,2850,6643,7.8,2978,3666,1.4,null,5.0,6168,null,3806,827,2.1,687,null,8.2,2986,6.2,1808,5.9,10.1,5.2,6.9,7577,null,4967,null,null,7125,1137,5.1,5.7,null,null,1296,10.1,null,-482,5.7,2398,null,3702,1089,3806,3.0,794,3668,3.0,6.6,4.7,null,4633,null,null,1462,null,3182,2419,6.7,5.7,"Essendon",5.1,1554,null,4.9,5.1,2.1,6.2,7.0,8.2,36458,36.5,null,8.3,5.7,2681,1337,null,550,10.2,1061,2447,null,3727,null,1.9,35.8,2.0,2062,35.1,2967,null,1980,2019,4.9,1514,1808,2077,5128,null,"20603"
13.3,null,1.8,22.4,4798,2809,156189,2.3,4.0,12.8,4.8,2858,0.6,5690.0,2378,90860,40122,null,2.3,5370,2858,20.3,1.9,87.2,1.8,1.0,179021,1273,2074,null,5652,6.1,3641,4994,23746,23.4,0.7,6438,2470,2.8,null,null,1654,null,3.2,1.4,1.1,3335,891,18468,2.3,588,null,18875,15931,21.4,21247,2529,0.7,null,2.7,13741,null,3197,991,0.8,1059,null,8.2,7248,3.1,1256,2.8,20.3,2.7,3.7,36260,null,7839,null,null,16734,1630,6.6,3.2,null,null,1261,13.7,null,-803,2.8,24725,null,17792,1705,11808,1.9,673,12099,1.9,4.4,1.7,null,5667,null,null,2004,null,6493,4198,3.7,3.2,"Melbourne City",2.7,1388,null,7.1,1.4,0.7,3.2,3.6,7.7,88161,28.1,null,7.1,3.1,3257,8591,null,497,20.2,16134,3299,null,11647,null,1.2,28.5,1.1,2524,28.9,4078,null,2420,2019,1.4,2050,1543,2794,6556,null,"20604"
13.4,null,3.3,6.5,5532,3522,88033,3.9,7.2,13.3,7.3,3328,1.1,4498.2,2768,58767,7468,null,4.1,1742,3405,13.0,3.9,76.2,3.7,1.6,115586,1895,2253,null,6650,3.1,4227,5343,15499,6.8,1.4,1657,2679,4.5,null,null,2232,null,6.0,3.1,2.1,3923,949,7662,3.8,720,null,3481,11565,6.1,3987,3741,1.3,null,4.9,11590,null,4330,1223,1.4,1231,null,10.2,5802,6.0,1846,4.7,12.6,4.7,7.0,14535,null,8377,null,null,12164,1955,2.9,5.8,null,null,1610,13.6,null,-599,4.6,5457,null,6873,1968,3399,3.4,890,7701,3.5,7.2,3.6,null,6927,null,null,2310,null,5788,4150,6.9,5.8,"Port Phillip",4.8,1589,null,2.8,3.3,1.5,6.0,7.1,10.0,56819,36.3,null,9.8,5.7,4156,2189,null,640,12.1,3268,3900,null,7798,null,2.2,36.3,2.1,2664,36.4,4563,null,2764,2019,3.2,2454,2098,3322,8056,null,"20605"
15.0,null,3.1,8.2,4446,2622,80106,3.3,6.1,14.7,6.8,2355,1.1,4959.8,2196,51774,8354,null,3.1,1503,2532,17.0,3.6,78.3,3.5,1.5,102253,1502,1758,null,4826,3.0,3137,4586,15335,8.7,1.4,1575,2344,4.3,null,null,1817,null,5.0,2.8,2.1,3002,756,8782,3.4,576,null,3863,11419,7.7,4491,2956,1.1,null,4.4,9819,null,3557,1076,1.3,943,null,10.2,5151,5.1,1454,4.6,16.4,4.3,5.6,16772,null,6557,null,null,11072,1591,3.0,4.7,null,null,1393,15.3,null,347,4.5,4246,null,7990,1411,3078,2.9,817,7723,2.8,6.4,3.4,null,5154,null,null,1576,null,4668,3420,5.8,4.9,"Yarra",4.3,1300,null,3.0,3.0,1.6,5.0,5.5,9.6,50479,33.5,null,9.0,4.5,2848,1913,null,544,15.8,2333,2917,null,7612,null,1.9,33.7,2.0,2242,33.9,3334,null,2250,2019,2.9,2019,1740,2471,5765,null,"20607"
14.8,null,3.8,9.0,3106,1783,54774,4.1,5.1,14.0,5.9,1716,1.7,6040.3,1470,37535,6461,null,3.9,1088,1600,16.4,2.8,76.0,2.8,2.6,72057,975,1619,null,3357,3.2,1900,2575,10642,9.4,2.1,1223,1326,3.3,null,null,969,null,4.7,2.6,2.9,2709,985,6145,4.3,620,null,2921,7730,8.5,3540,1967,1.8,null,4.3,6418,null,2007,1074,2.2,891,null,9.7,3365,4.8,992,3.8,15.8,4.4,5.2,11392,null,3923,null,null,8563,1442,3.2,4.7,null,null,1513,15.6,null,-833,3.6,3835,null,5247,1267,2311,3.8,893,5369,3.7,5.4,2.8,null,3383,null,null,1360,null,3053,2023,5.2,4.8,"Stonnington - West",4.3,1568,null,3.3,2.8,2.4,4.6,5.3,8.9,34522,34.2,null,8.1,4.6,1974,1382,null,583,15.2,2453,1807,null,5273,null,2.6,34.3,2.7,1249,34.3,2979,null,1636,2019,2.7,1965,1038,1641,3781,null,"20606"
6.6,null,4.2,8.5,9483,6385,123452,4.5,6.3,6.4,5.7,5910,2.0,3052.1,4525,94561,15634,null,4.5,6681,5692,7.9,6.0,67.4,5.6,3.3,183172,6112,4239,null,11382,7.5,5961,7800,12109,8.1,2.1,6585,4083,3.9,null,null,5358,null,6.6,6.4,3.0,7383,3133,7444,4.5,1627,null,8017,13025,9.0,7617,12140,1.8,null,5.1,10806,null,10321,2830,2.7,2356,null,5.8,5161,6.8,6028,4.6,8.1,5.2,7.0,14815,null,11031,null,null,13972,3957,7.2,6.2,null,null,3799,6.9,null,-947,4.3,6684,null,7371,3426,13266,4.0,2172,6077,3.9,6.0,5.2,null,12077,null,null,3947,null,5645,5070,6.6,6.2,"Boroondara",5.2,4905,null,7.0,6.9,2.3,6.4,7.4,5.9,88611,39.3,null,6.0,6.2,6985,2406,null,1772,8.3,4278,5864,null,6032,null,2.7,37.5,2.8,3717,35.6,8186,null,4958,2019,6.6,5186,4963,5472,12849,null,"20701"
6.1,null,5.3,6.7,5631,3253,62541,4.9,6.2,6.1,5.9,3306,3.0,2056.5,2651,51413,6677,null,4.6,3118,3022,6.2,6.1,62.5,5.8,3.9,100093,2873,2682,null,6183,6.4,3201,4998,6128,6.1,3.5,2715,2519,4.8,null,null,2969,null,6.3,5.0,4.7,4848,2003,3192,5.2,1655,null,3548,7081,7.3,3129,5428,3.4,null,5.4,6556,null,5831,2402,3.4,2134,null,6.4,3092,6.3,2555,5.2,6.7,5.8,6.5,6670,null,6095,null,null,6959,2740,5.8,6.2,null,null,3545,6.1,null,122,5.0,3118,null,3478,2108,5833,4.8,1890,2984,4.3,6.1,5.6,null,6275,null,null,2237,null,3464,2894,6.3,5.9,"Manningham - West",5.6,3447,null,5.3,5.9,3.7,6.2,6.6,6.5,48680,43.4,null,6.7,6.4,3416,1807,null,1444,7.1,1311,3077,null,3144,null,4.4,41.6,4.5,2479,39.6,4919,null,2980,2019,5.4,4536,2862,2877,6493,null,"20702"
7.3,null,3.6,11.1,5333,3527,78464,3.8,5.9,7.3,5.7,3188,2.5,2991.5,2555,57892,12604,null,3.7,3760,3072,8.8,5.6,68.9,5.3,3.8,113843,3077,2318,null,6117,6.7,3397,5238,8319,10.1,2.6,3728,2756,4.3,null,null,3144,null,5.8,5.1,3.2,3837,2225,5104,4.0,1178,null,6736,8001,12.0,5868,6003,2.1,null,4.6,7115,null,6051,1857,3.2,1470,null,6.3,3523,6.1,2926,4.9,9.6,4.8,6.5,10900,null,6559,null,null,9546,2087,6.6,5.4,null,null,2911,7.3,null,-1545,4.6,6228,null,5796,1750,7488,3.4,1733,4070,3.1,5.8,5.0,null,6599,null,null,2047,null,3592,3162,6.3,5.2,"Whitehorse - West",4.7,3647,null,6.4,5.5,3.0,5.5,6.8,6.2,55951,37.3,null,6.2,5.5,3926,3233,null,1422,10.4,2995,3504,null,4249,null,2.6,35.2,2.9,2482,33.1,4365,null,2778,2019,5.3,3327,2907,2929,7430,null,"20703"
4.1,null,4.9,5.8,6460,4210,66667,5.3,6.6,4.2,6.3,3907,2.6,2871.8,3126,55777,6206,null,5.3,3708,3812,4.4,6.6,62.4,6.3,4.2,106862,3844,2970,null,7633,7.3,3674,5126,4425,5.5,2.3,3503,2554,4.6,null,null,3396,null,7.5,7.1,3.4,5196,2348,2430,5.3,1091,null,3135,7370,6.1,3071,7782,2.1,null,6.1,6107,null,6735,1914,3.4,1633,null,5.4,2781,7.5,3938,5.0,4.5,6.0,8.3,4809,null,6903,null,null,7387,2723,6.7,7.1,null,null,2487,4.1,null,-17,4.8,2495,null,2379,2473,7211,4.9,1396,2073,4.8,6.5,6.0,null,8022,null,null,2685,null,3326,3229,8.1,7.3,"Bayside",6.0,3667,null,6.3,7.5,2.5,7.5,8.6,5.7,51085,44.6,null,6.0,7.0,4770,1009,null,1319,4.7,1486,4121,null,2352,null,3.2,43.8,3.3,2572,42.7,5655,null,3334,2019,7.3,3547,3339,3726,8891,null,"20801"
7.0,null,4.3,5.9,6900,4535,83965,4.6,7.2,7.1,7.3,4088,2.0,1837.9,3366,66084,7581,null,4.4,3493,4210,5.8,6.5,65.4,6.2,3.4,128401,3920,3181,null,7957,5.6,4791,7685,8959,5.2,2.3,3561,3950,5.7,null,null,4048,null,6.8,5.5,3.2,5129,2258,3839,4.8,1208,null,4129,9533,6.6,3452,7534,1.9,null,5.4,9631,null,7900,2113,2.7,1722,null,7.4,4616,6.9,3614,6.3,6.0,5.3,7.8,7724,null,9338,null,null,9502,2818,5.5,6.2,null,null,2935,6.8,null,31,6.0,2251,null,3885,2311,7054,4.0,1727,4237,3.7,7.3,5.8,null,8745,null,null,2727,null,5015,4547,7.7,6.2,"Kingston",5.4,3510,null,5.4,6.3,2.6,6.8,7.9,7.5,62317,41.3,null,7.6,6.2,5249,1293,null,1252,6.2,958,4827,null,4722,null,2.8,40.1,3.0,3735,38.8,5908,null,3534,2019,5.9,3835,3852,3869,10076,null,"20803"
7.5,null,4.0,9.6,2133,1488,31326,4.3,5.7,7.0,5.9,1316,2.0,3331.2,1005,23631,4366,null,4.1,1364,1403,10.1,5.8,68.5,5.5,3.0,45711,1409,1039,null,2521,6.2,1354,2069,3422,9.7,2.2,1403,1109,4.1,null,null,1284,null,6.3,5.6,2.8,1750,709,2396,4.4,421,null,2066,3965,9.4,2300,2740,1.9,null,4.6,2847,null,2510,672,2.5,570,null,6.2,1372,6.3,1331,5.0,10.1,4.8,6.8,4609,null,2651,null,null,4180,940,6.1,5.5,null,null,986,8.0,null,-215,4.5,1878,null,2213,810,2767,3.8,565,1768,3.7,5.8,5.2,null,2891,null,null,909,null,1475,1297,6.5,5.5,"Stonnington - East",4.7,1140,null,5.9,6.4,2.4,6.4,7.1,6.2,22080,36.8,null,6.2,5.6,1675,733,null,431,10.0,1145,1444,null,1654,null,2.6,35.7,2.7,960,34.4,1948,null,1128,2019,6.0,1242,1226,1205,3119,null,"20804"
7.1,null,4.5,6.4,7279,4163,84508,4.9,6.9,7.2,7.0,4062,1.9,2103.4,3453,67197,8368,null,4.6,3669,3882,6.5,6.7,64.2,6.4,3.2,131700,3901,3509,null,7706,5.7,4638,7996,9316,5.9,2.3,3389,4137,5.7,null,null,4321,null,6.1,5.6,3.4,5862,2127,4384,5.2,1301,null,4395,9720,6.8,3973,7634,2.0,null,5.4,9489,null,8492,2299,2.6,2066,null,7.1,4599,6.2,3733,6.4,6.9,5.7,6.9,9085,null,9123,null,null,10212,3046,5.4,5.9,null,null,2994,7.0,null,-492,6.1,2335,null,4701,2816,7058,4.5,1693,4492,4.4,6.9,6.2,null,8045,null,null,2965,null,4890,4485,6.9,5.6,"Banyule",5.5,3375,null,5.0,6.0,2.5,6.0,6.9,7.2,64503,40.4,null,7.3,6.0,4611,1300,null,1248,7.3,1035,4428,null,4824,null,3.2,39.2,3.3,3859,37.9,6474,null,3826,2019,5.8,4365,4171,3644,9039,null,"20901"
10.2,null,3.4,8.8,4549,3037,74332,3.4,6.5,9.9,6.6,2730,2.2,2684.4,2212,53333,9320,null,3.3,2594,2848,10.1,5.3,70.2,5.1,3.4,105882,2385,1893,null,5301,4.9,3488,6215,10803,8.5,2.3,2323,3198,5.7,null,null,2806,null,5.6,4.2,3.0,3327,1818,5376,3.5,1077,null,4762,7906,9.1,4558,4629,2.0,null,4.2,8828,null,5446,1621,2.8,1294,null,8.4,4418,5.7,2244,6.1,10.3,4.4,6.5,10948,null,6930,null,null,9279,1792,4.6,5.0,null,null,2456,10.6,null,-1373,5.9,4106,null,5572,1535,4917,3.1,1379,5546,2.9,6.5,5.0,null,5885,null,null,1719,null,4410,3442,6.5,4.9,"Darebin - North",4.3,2950,null,4.4,4.5,2.6,5.4,6.4,8.3,52549,36.3,null,8.3,5.1,3413,2455,null,1132,10.6,1651,3438,null,5257,null,2.5,35.3,2.8,3017,34.5,3612,null,2337,2019,4.4,2915,2640,2571,6851,null,"20902"
4.5,null,4.0,6.9,4613,2772,45891,5.3,7.1,4.6,6.4,2619,0.8,92.0,2277,34732,4788,null,5.2,2633,2518,4.7,6.8,66.3,6.7,1.4,69181,2570,1857,null,5263,7.6,2471,3651,3129,6.5,1.4,2411,1804,5.3,null,null,2350,null,7.6,7.4,2.3,2878,471,1645,5.3,465,null,2540,4307,7.4,2248,5129,1.3,null,6.6,3955,null,4609,814,1.1,856,null,5.6,1912,8.0,2559,5.2,5.1,6.7,8.2,3509,null,4661,null,null,4750,1386,7.3,7.6,null,null,956,4.4,null,-443,5.3,517,null,1864,1492,5044,4.2,491,1514,4.3,6.7,6.5,null,5290,null,null,1781,null,2043,2190,8.0,7.7,"Nillumbik - Kinglake",6.7,759,null,6.9,7.5,1.4,7.3,8.3,5.7,34449,41.7,null,5.9,7.5,2888,313,null,288,5.4,204,2751,null,1615,null,2.5,41.0,2.4,1847,40.1,3638,null,2336,2019,7.4,1670,2259,2644,5639,null,"20903"
9.2,null,3.2,7.0,11212,7090,167021,3.7,6.6,9.4,7.0,6772,1.0,250.5,5287,125176,17416,null,3.5,7313,6796,8.1,7.8,66.8,7.5,1.4,249892,8018,4877,null,13014,5.9,8261,19697,22874,6.7,1.5,6842,10165,7.6,null,null,9778,null,5.6,6.0,2.2,7691,1726,10117,3.9,1643,null,9029,15769,7.2,8387,15562,1.3,null,4.2,21530,null,18814,2707,1.2,2515,null,8.7,10875,5.7,7544,8.2,8.0,4.7,6.4,20027,null,16985,null,null,13323,3948,5.7,5.2,null,null,3639,8.9,null,2446,7.9,5141,null,9910,3743,14155,3.1,1996,11153,3.0,6.8,7.2,null,13886,null,null,4422,null,10655,8724,6.3,5.0,"Whittlesea - Wallan",4.5,2947,null,5.5,6.4,1.6,5.4,6.4,8.6,124716,34.8,null,8.5,5.4,8040,3124,null,1221,7.9,2017,7882,null,11721,null,2.0,34.2,2.1,9532,33.7,9299,null,5925,2019,6.2,5222,9036,6242,15922,null,"20904"
6.5,null,5.4,5.8,3308,2181,40039,4.9,6.6,6.4,6.8,1961,2.7,1521.9,1546,32981,3723,null,4.5,1873,1977,5.9,6.3,62.0,6.0,3.8,64567,2068,1741,null,3809,5.9,2180,3465,4183,5.2,3.2,1791,1772,5.1,null,null,1989,null,6.4,5.6,4.4,3246,1240,1942,5.3,950,null,2010,4903,6.4,1713,3904,3.0,null,4.9,4242,null,3906,1456,3.3,1203,null,6.4,2037,6.6,1836,5.6,6.2,5.3,7.2,3972,null,4316,null,null,4400,1780,5.7,5.9,null,null,2066,6.6,null,503,5.4,725,null,2030,1466,3664,5.0,1116,2070,4.6,6.7,5.8,null,4158,null,null,1436,null,2205,2136,7.3,5.9,"Keilor",5.1,2105,null,5.4,6.5,3.4,6.3,7.1,6.6,31586,42.9,null,6.7,5.9,2354,440,null,865,6.4,285,2310,null,2113,null,3.8,41.4,4.1,1693,39.9,3177,null,1762,2019,6.0,2659,1917,1848,4664,null,"21001"
4.8,null,4.4,5.2,1979,1199,20192,5.4,7.3,5.1,6.6,1112,1.1,32.7,986,16210,1692,null,5.2,1118,1162,3.9,8.0,62.3,7.8,1.9,32429,1327,890,null,2287,6.9,1177,2093,1556,4.6,1.6,1076,1033,6.5,null,null,1304,null,7.3,7.1,2.5,1545,301,627,5.5,252,null,942,2456,5.8,750,2478,1.6,null,6.1,1983,null,2532,403,1.5,445,null,5.5,886,7.4,1151,6.4,4.0,6.1,8.1,1284,null,2240,null,null,2195,719,6.8,7.1,null,null,519,4.5,null,261,6.5,150,null,657,826,2194,4.8,267,728,5.1,6.9,7.6,null,2361,null,null,849,null,1097,1063,7.9,7.2,"Macedon Ranges",6.1,483,null,6.6,8.2,1.6,7.2,8.2,6.1,16219,41.3,null,6.8,6.9,1332,91,null,182,4.1,59,1284,null,828,null,2.7,40.9,2.6,1060,40.5,1739,null,993,2019,7.6,848,1228,1175,2616,null,"21002"
10.4,null,3.1,6.9,3417,2298,57016,3.1,6.8,10.0,7.0,2156,2.4,2810.7,1620,42527,5927,null,2.8,2182,2178,8.6,6.4,66.8,6.2,4.1,85383,2232,1413,null,4133,5.1,2897,6488,8894,6.0,2.6,1828,3342,7.4,null,null,2748,null,5.2,5.1,2.9,2425,1743,3641,3.3,854,null,3363,6759,7.8,2564,4402,2.0,null,3.8,7621,null,5300,1246,3.3,903,null,9.2,3948,5.4,2170,7.8,9.0,4.2,5.9,7642,null,5898,null,null,7487,1330,4.7,4.8,null,null,2201,10.9,null,-728,7.6,2693,null,4001,1095,4010,2.8,1347,4655,2.6,6.9,6.0,null,4476,null,null,1206,null,3673,3001,5.9,4.6,"Moreland - North",4.0,2783,null,4.3,5.2,3.2,5.1,5.8,8.9,42856,36.4,null,8.6,5.1,2487,1636,null,1040,9.3,1057,2511,null,4239,null,2.1,35.0,2.5,3146,33.8,2619,null,1797,2019,5.2,2149,2552,1977,4998,null,"21003"
7.3,null,3.6,6.9,2469,1565,29477,4.7,6.3,7.4,6.2,1481,1.2,169.5,1176,22521,3066,null,4.7,1396,1382,6.9,7.3,66.7,7.0,2.0,44193,1407,1072,null,2867,6.4,1412,2880,3221,6.9,1.5,1298,1430,6.4,null,null,1587,null,6.7,5.7,2.5,1561,451,1551,4.8,300,null,1521,3714,7.0,1545,2701,1.4,null,5.4,3073,null,3086,568,1.6,469,null,6.9,1506,6.9,1294,6.6,7.4,5.7,7.1,3251,null,2747,null,null,2800,815,6.1,6.5,null,null,663,7.2,null,914,6.5,272,null,1700,746,2694,3.5,363,1564,3.4,6.2,6.7,null,2947,null,null,1014,null,1567,1335,6.9,6.4,"Sunbury",5.6,702,null,5.8,6.5,1.6,6.4,7.3,7.0,21672,38.1,null,7.0,6.6,1640,165,null,251,7.8,107,1502,null,1657,null,2.2,36.9,2.3,1450,35.7,2086,null,1293,2019,6.1,1037,1499,1386,3142,null,"21004"
9.0,null,2.7,7.5,7952,5630,129331,3.3,6.3,9.3,6.5,5090,0.7,655.5,3964,95639,14551,null,3.1,6359,5502,8.4,8.1,67.1,7.9,1.0,192776,6903,3374,null,10237,6.5,5996,16148,17362,7.3,1.1,6098,8483,8.0,null,null,7835,null,5.8,6.9,1.8,5043,959,8002,3.5,928,null,7556,12589,7.8,6995,13495,1.0,null,4.1,15479,null,15180,1711,0.9,1663,null,8.1,7844,5.9,6592,8.7,8.5,4.2,5.9,16357,null,12336,null,null,9735,2579,6.5,5.3,null,null,2110,8.7,null,2854,8.4,5055,null,8355,2464,12457,2.6,1182,8446,2.5,6.4,7.7,null,11132,null,null,3045,null,7635,6340,5.8,5.3,"Tullamarine - Broadmeadows",4.1,1676,null,6.4,7.1,1.2,5.7,6.2,8.0,97137,32.9,null,8.0,5.3,5882,3067,null,717,8.6,1988,5586,null,8916,null,1.7,32.4,1.8,7665,31.8,6419,null,3988,2019,7.0,3374,7345,5147,11468,null,"21005"
7.1,null,4.2,7.0,9515,5669,109238,5.1,6.5,7.1,6.5,5618,1.5,1390.6,4532,83590,11487,null,4.9,5071,5133,6.6,6.4,66.4,6.1,2.5,164510,4909,4367,null,10829,6.3,5397,9423,11663,6.6,2.0,4902,4798,5.5,null,null,5193,null,6.6,5.4,3.1,6786,2053,5503,5.2,1477,null,5937,10889,7.3,5550,9411,1.8,null,5.6,11606,null,10046,2571,2.0,2131,null,7.1,5764,6.8,4502,5.9,6.9,6.0,6.9,11380,null,10639,null,null,11791,3543,6.1,6.6,null,null,3277,7.1,null,-902,5.7,2327,null,5877,3243,9973,4.1,1800,5730,4.0,6.5,5.8,null,10802,null,null,3965,null,5842,5242,6.8,6.4,"Knox",5.8,3295,null,5.9,6.1,2.2,6.3,7.0,7.1,80920,40.1,null,7.0,6.7,5879,1412,null,1242,7.3,915,5465,null,5933,null,2.6,38.8,2.9,4625,37.6,8332,null,4983,2019,5.7,4702,4853,5211,11344,null,"21101"
3.7,null,4.7,7.5,1729,1136,17820,5.1,6.3,3.9,5.8,1030,1.8,413.9,860,13968,2065,null,5.0,1169,1088,4.4,6.1,64.7,5.9,3.3,27552,1056,733,null,2032,8.6,879,1127,1020,6.9,2.4,1067,553,4.1,null,null,824,null,8.1,7.0,3.2,1295,464,621,5.2,306,null,1100,1867,8.1,965,2033,2.3,null,6.3,1288,null,1612,448,2.6,446,null,4.4,594,8.1,977,4.1,4.8,6.2,8.1,1333,null,1669,null,null,2006,659,8.1,7.4,null,null,649,3.5,null,-139,4.1,292,null,712,636,2236,4.7,343,473,4.7,6.1,5.6,null,2224,null,null,679,null,694,790,7.7,7.4,"Manningham - East",6.3,710,null,7.6,7.8,2.5,8.0,8.4,4.7,13584,44.3,null,5.0,7.4,1174,159,null,246,5.2,133,1050,null,547,null,3.3,43.3,3.2,574,42.1,1412,null,869,2019,7.4,894,788,1002,2224,null,"21102"
7.6,null,4.4,6.4,6208,3886,77102,4.6,6.7,7.6,6.8,3748,1.6,1931.8,2975,60485,7540,null,4.3,3600,3500,6.6,6.6,65.2,6.3,2.8,118204,3649,2966,null,7177,6.2,4079,7629,8936,5.9,2.1,3203,4045,5.9,null,null,3828,null,6.2,5.6,3.2,4828,1705,3997,4.9,1079,null,3948,9019,6.8,3592,7060,1.9,null,5.2,8972,null,7461,1939,2.2,1576,null,7.6,4386,6.4,3411,7.0,6.6,5.3,6.9,7859,null,8030,null,null,9703,2651,5.8,6.1,null,null,2510,7.5,null,-684,6.5,1868,null,3862,2177,6803,4.1,1431,4330,3.8,6.8,6.0,null,7386,null,null,2477,null,4586,3951,6.9,5.9,"Maroondah",5.3,2656,null,5.3,6.3,2.4,6.1,7.0,7.6,57719,39.6,null,7.6,6.2,4235,1126,null,951,6.7,742,3956,null,4606,null,2.7,38.1,3.0,3584,36.7,5443,null,3233,2019,6.0,3515,3633,3429,8191,null,"21103"
7.1,null,4.4,6.3,3229,2005,41771,4.7,6.9,7.0,7.3,1961,2.2,2470.0,1527,33524,4144,null,4.3,1963,1942,5.8,6.6,63.7,6.4,3.3,65626,2008,1711,null,3696,6.1,2297,3815,4657,5.7,2.7,1811,1966,5.5,null,null,2116,null,6.0,5.9,3.9,2823,1091,1953,5.1,786,null,2248,4977,7.0,1896,3999,2.4,null,4.8,4961,null,4203,1316,2.7,1048,null,7.5,2405,6.0,1991,6.1,6.1,5.1,7.2,4011,null,4642,null,null,5771,1488,5.8,5.6,null,null,1787,7.2,null,-794,5.8,1756,null,2058,1335,3774,4.3,1001,2302,4.2,7.1,6.2,null,3947,null,null,1365,null,2556,2345,7.0,5.4,"Whitehorse - East",4.9,1788,null,5.4,6.3,3.0,6.0,7.3,7.6,32102,40.6,null,7.6,5.8,2454,1048,null,697,6.4,708,2256,null,2355,null,3.3,39.2,3.6,1849,37.8,3076,null,1702,2019,6.1,2364,2087,1735,4710,null,"21104"
6.6,null,4.5,6.3,9512,5333,102828,5.2,6.4,6.7,6.3,5453,1.4,98.8,4672,79812,9921,null,5.0,4941,5140,6.1,6.7,64.8,6.5,2.2,158593,5264,4375,null,10673,6.3,5131,9798,10453,5.9,1.8,4917,5060,5.9,null,null,5285,null,6.6,6.0,2.9,7084,1721,4860,5.5,1316,null,5190,9390,6.6,4731,10049,1.7,null,5.9,10241,null,10286,2336,1.8,2294,null,6.4,5022,6.7,4785,6.4,6.3,6.1,7.3,10021,null,10069,null,null,9876,3599,6.2,6.7,null,null,2806,6.5,null,-486,6.2,1041,null,5161,3485,9858,4.5,1490,5089,4.4,6.3,6.3,null,10473,null,null,3947,null,5219,4938,7.2,6.6,"Yarra Ranges",6.0,2790,null,6.2,6.7,1.9,6.5,7.4,6.5,78781,40.3,null,6.5,6.8,5919,629,null,1069,6.6,412,5688,null,5364,null,2.9,39.3,2.9,4738,38.4,8322,null,4840,2019,6.3,4630,5001,5220,11607,null,"21105"
8.3,null,3.3,6.5,5094,3288,73478,3.7,6.6,8.5,6.5,3082,1.0,87.7,2546,56678,7273,null,3.7,3600,3264,8.1,8.2,65.3,7.9,1.4,112441,4058,2159,null,6059,6.5,3715,9113,9385,6.3,1.2,3429,4645,7.9,null,null,4581,null,5.8,6.9,2.2,3603,796,4612,3.8,696,null,3708,11160,6.6,3565,7986,1.2,null,4.6,8318,null,8916,1254,1.2,1143,null,7.4,4142,5.8,3928,8.3,7.8,4.5,6.8,8825,null,7344,null,null,7947,1889,6.3,5.4,null,null,1405,8.2,null,3213,8.1,896,null,4213,1714,7029,3.2,709,4569,3.1,6.5,7.6,null,6552,null,null,2038,null,4176,3629,6.6,5.3,"Cardinia",4.5,1346,null,6.0,7.3,1.3,5.9,6.9,7.4,55763,34.2,null,7.4,5.4,3909,544,null,550,7.6,352,3690,null,4816,null,2.0,33.8,2.1,4468,33.4,4197,null,2548,2019,7.1,2397,4335,2977,7599,null,"21201"
6.7,null,3.5,7.4,7536,4642,94237,4.3,6.6,7.0,6.5,4390,1.2,1216.2,3731,70381,10546,null,4.2,4958,4609,6.6,7.1,66.5,7.0,2.0,141691,4935,3054,null,8742,7.0,4636,9199,9548,6.9,1.7,4538,4818,6.2,null,null,5053,null,6.5,6.5,2.5,4815,1429,4668,4.3,1081,null,5679,11283,8.0,4867,9516,1.5,null,5.2,10176,null,9858,1789,1.6,1543,null,7.1,5055,6.6,4581,6.8,7.1,5.4,6.8,10016,null,9298,null,null,12781,2480,6.7,6.2,null,null,2397,6.5,null,-1498,6.5,2694,null,5348,2335,9496,3.4,1316,4653,3.3,6.6,6.8,null,9251,null,null,3029,null,5121,4662,6.5,6.1,"Casey - North",5.3,2254,null,6.4,6.9,1.9,6.5,7.1,7.2,71310,37.3,null,7.3,6.2,4984,1637,null,825,7.5,1057,4644,null,4895,null,2.2,36.3,2.4,4381,35.2,6083,null,3805,2019,6.7,3332,4805,4352,9628,null,"21202"
9.3,null,2.4,7.1,8001,5686,142541,2.9,6.9,9.9,7.2,5054,0.6,724.4,3949,105712,15170,null,2.8,6934,5641,8.3,9.0,67.2,8.6,1.0,212181,7769,3166,null,10019,6.5,7303,18681,19642,6.9,0.9,6449,9631,8.6,null,null,9537,null,5.3,7.0,1.4,4814,1012,8792,3.0,866,null,7831,20356,7.4,7339,15162,0.8,null,3.7,19360,null,18224,1530,0.8,1526,null,9.3,9866,5.4,7393,9.0,8.0,3.8,6.4,17070,null,14990,null,null,13092,2492,6.3,4.7,null,null,1898,8.7,null,7264,8.8,3623,null,8278,2322,13383,2.3,1032,9219,2.2,7.1,8.2,null,11327,null,null,2981,null,9494,7687,6.4,4.7,"Casey - South",3.8,1658,null,6.1,7.3,1.0,5.3,6.4,9.1,106469,32.5,null,9.0,4.8,6758,2203,null,646,7.8,1420,6821,null,10423,null,1.4,32.2,1.4,9050,31.9,6147,null,4052,2019,7.1,3056,8687,4965,13579,null,"21203"
8.6,null,4.2,8.1,10313,5602,137967,4.4,5.9,8.4,6.0,5454,1.6,1361.0,5071,99986,16691,null,4.1,6475,5728,8.7,5.7,67.1,5.7,2.6,205582,5639,4707,null,10903,6.1,5919,13422,17736,7.3,2.1,5657,6981,6.4,null,null,6010,null,5.5,5.3,3.0,8180,2630,8673,4.7,1945,null,9438,11776,8.9,7253,10914,1.8,null,4.8,15737,null,11820,3019,2.1,2684,null,7.9,8392,5.6,5275,6.6,9.1,5.2,5.9,18646,null,12248,null,null,15492,4209,5.9,5.3,null,null,4306,8.8,null,-3716,6.5,7841,null,9973,3971,12132,4.0,2361,9342,3.8,6.0,5.8,null,11330,null,null,4296,null,7345,6329,5.9,5.2,"Dandenong",5.0,4267,null,5.7,5.3,2.4,5.4,6.0,7.7,105596,36.6,null,7.3,5.5,5995,4764,null,1637,9.4,3077,6236,null,8394,null,2.5,35.4,2.8,6441,34.4,9003,null,5242,2019,5.3,5703,5810,5449,12231,null,"21204"
7.0,null,4.0,11.9,8626,5576,132588,4.0,6.1,6.9,6.0,5043,2.4,2446.5,4094,97506,23162,null,3.7,6463,5190,8.4,5.7,68.2,5.5,3.3,194429,5360,4184,null,9804,6.7,5969,8963,13600,11.2,2.6,6061,4689,4.4,null,null,5500,null,5.5,5.1,3.5,7310,3218,8177,4.3,2313,null,12222,11344,12.6,10940,10356,2.4,null,4.2,12733,null,10629,3369,2.8,2922,null,6.5,6321,5.7,4996,4.8,9.0,4.6,6.2,17595,null,11775,null,null,15142,3886,6.4,5.0,null,null,5052,7.1,null,-3798,4.6,12065,null,9418,3424,12524,3.8,2739,6863,3.5,6.1,5.3,null,10766,null,null,3559,null,6412,5806,5.9,4.9,"Monash",4.4,5497,null,6.2,5.5,2.8,5.4,6.4,6.5,96923,36.9,null,6.6,5.2,6264,5987,null,2279,9.7,6078,5739,null,6737,null,3.0,35.2,3.2,4274,33.4,7743,null,4532,2019,5.3,6291,5129,4761,12003,null,"21205"
8.3,null,3.8,7.9,10758,6139,135755,4.5,6.1,8.0,6.0,5792,1.1,1875.0,5245,98549,15911,null,4.3,6157,5973,8.4,6.2,67.8,6.0,1.9,200346,5683,4692,null,11499,6.0,6024,13319,16571,7.3,1.7,5816,6788,6.6,null,null,6273,null,6.0,5.6,2.6,7587,1875,8311,4.8,1546,null,8720,11067,8.6,7191,11229,1.5,null,5.2,14289,null,12074,2533,1.5,2423,null,7.3,7440,6.2,5546,6.7,8.9,5.6,6.3,17906,null,12158,null,null,14943,3780,6.0,5.7,null,null,3321,8.5,null,-3876,6.6,5152,null,9595,3807,11973,3.8,1775,8668,3.7,6.1,5.9,null,12112,null,null,4423,null,6849,6134,6.0,5.6,"Brimbank",5.4,2990,null,5.9,5.6,1.8,5.9,6.6,7.1,101797,36.5,null,6.9,5.9,6478,3132,null,1115,9.4,2020,6100,null,7903,null,2.4,35.4,2.5,6531,34.4,9115,null,5513,2019,5.6,4956,5801,5707,12578,null,"21301"
7.8,null,4.0,5.6,5055,3065,60859,4.4,7.3,8.0,7.2,3023,1.8,1482.8,2479,46839,5200,null,4.3,2393,2911,6.5,6.6,66.0,6.5,2.9,92256,2626,2128,null,5933,5.3,3415,6157,7165,5.1,2.0,2217,3212,6.3,null,null,2981,null,6.5,5.3,3.0,3521,1358,3038,4.5,803,null,2794,6715,6.2,2406,5113,1.8,null,5.5,7350,null,5989,1382,2.4,1130,null,8.1,3675,6.5,2487,7.1,6.7,5.5,7.3,6166,null,6665,null,null,6958,1862,5.0,6.4,null,null,1843,7.5,null,-243,6.7,1641,null,3128,1659,4610,3.8,1040,3413,3.7,7.2,6.4,null,5976,null,null,1945,null,3675,3250,7.2,6.4,"Hobsons Bay",5.5,2189,null,4.7,5.8,2.2,6.4,7.4,8.0,45417,39.9,null,7.8,6.5,3462,932,null,831,6.9,709,3277,null,3752,null,2.5,38.8,2.7,2945,37.8,4073,null,2576,2019,5.5,2512,3008,2910,6739,null,"21302"
12.0,null,2.5,8.4,3825,2600,69821,3.1,7.4,11.8,7.5,2260,1.1,2992.7,1942,45852,7894,null,3.0,1918,2443,11.7,5.2,74.7,5.1,1.9,93448,1857,1522,null,4453,4.0,3379,6044,11187,8.0,1.2,1836,3173,6.3,null,null,2466,null,5.4,3.9,1.8,2217,864,5356,3.3,481,null,4211,8053,8.8,3683,3628,1.0,null,4.1,9264,null,4767,818,1.5,681,null,10.0,4781,5.7,1771,6.7,12.3,4.1,6.3,11536,null,6965,null,null,8939,1154,4.0,4.8,null,null,1166,12.1,null,-886,6.5,3536,null,6180,1063,3754,2.4,685,5761,2.2,7.5,5.0,null,5043,null,null,1413,null,4483,3586,6.2,4.6,"Maribyrnong",4.1,1371,null,4.0,3.9,1.5,5.1,6.5,9.9,47596,34.7,null,9.8,4.9,2960,2098,null,507,13.0,1438,2940,null,5426,null,1.4,34.0,1.6,2871,33.5,2935,null,1883,2019,3.9,1499,2301,2193,5900,null,"21303"
8.5,null,2.7,6.6,7551,5195,122360,3.6,7.4,8.5,7.7,4423,0.6,274.5,3639,92449,12166,null,3.5,6062,4991,7.5,8.6,66.3,8.5,1.1,184425,7054,3469,null,8641,6.6,6838,14723,15630,6.4,0.9,5772,7507,7.8,null,null,7929,null,5.5,7.5,1.6,4918,972,6958,3.8,807,null,6289,14834,6.8,5877,14018,0.9,null,4.0,15548,null,15617,1474,0.8,1401,null,8.2,7556,5.6,6964,8.2,7.5,4.2,7.1,13883,null,13904,null,null,10118,2480,6.4,4.7,null,null,1752,8.4,null,4716,8.0,2298,null,6925,2438,11834,2.7,945,7759,2.7,7.5,8.3,null,10186,null,null,3182,null,7992,7066,7.2,4.6,"Melton - Bacchus Marsh",4.1,1511,null,6.2,7.7,1.0,5.4,6.9,8.4,91976,33.7,null,8.6,4.8,6403,1395,null,539,7.5,903,6614,null,7871,null,1.5,33.2,1.6,7216,32.8,6651,null,3912,2019,7.6,2875,7688,4218,13017,null,"21304"
10.5,null,2.2,6.3,9824,6693,184419,2.8,7.0,11.2,7.9,6143,0.6,507.2,4726,136267,17456,null,2.7,7971,6647,8.0,9.1,66.8,9.0,0.9,275982,9776,3923,null,11972,5.7,9514,26351,29005,5.9,0.8,7447,13745,9.3,null,null,12708,null,4.8,6.7,1.4,5825,1189,10958,2.9,1074,null,9482,21593,6.8,7974,18886,0.8,null,3.4,28914,null,24957,1918,0.7,1728,null,10.7,15007,4.9,9110,9.8,7.8,3.7,6.0,21458,null,20511,null,null,15466,2982,5.6,4.3,null,null,2273,9.9,null,6127,9.5,8097,null,10500,2843,15418,2.1,1199,13784,2.0,7.4,9.0,null,13340,null,null,3727,null,13907,10997,6.0,4.2,"Wyndham",3.6,1975,null,5.5,7.0,0.9,4.8,6.0,10.5,139715,32.7,null,10.2,4.5,8136,4861,null,786,7.5,3236,8385,null,15221,null,1.2,32.5,1.3,12606,32.3,7650,null,5098,2019,6.8,3646,12249,5829,16521,null,"21305"
7.4,null,4.4,6.2,7959,4691,93179,4.7,6.5,7.5,6.6,4697,1.5,1100.7,3879,72568,8810,null,4.4,4054,4410,6.9,6.6,65.3,6.3,2.6,142643,4311,3613,null,9159,5.8,4725,9460,10574,5.9,2.0,3778,4824,6.4,null,null,4619,null,6.4,5.6,3.1,6015,1871,4981,5.0,1295,null,4542,10574,6.5,4268,8376,1.8,null,5.5,10222,null,8963,2272,2.1,1838,null,7.2,5023,6.5,4065,6.9,7.0,5.6,7.2,9942,null,9353,null,null,11307,3160,5.5,6.4,null,null,2858,7.3,null,-733,6.6,1290,null,4961,2855,7832,4.2,1563,5111,4.1,6.6,6.0,null,9101,null,null,3115,null,5199,4628,7.2,6.4,"Frankston",5.6,2954,null,5.2,6.2,2.2,6.3,7.1,7.2,70075,39.5,null,7.2,6.5,5162,783,null,1083,7.1,507,5065,null,5463,null,2.6,38.5,2.9,4636,37.6,6728,null,4080,2019,5.9,4110,4344,4462,10227,null,"21401"
4.7,null,6.9,5.2,11248,5736,97061,6.7,5.8,4.7,5.7,5793,2.9,231.5,5262,86140,8710,null,6.4,4908,5135,4.3,6.3,57.9,6.0,3.7,167636,5339,5985,null,11138,6.0,4970,8455,7818,4.6,3.4,4633,4319,4.8,null,null,5136,null,6.5,5.9,4.9,11112,3215,3738,6.9,2610,null,4778,10929,5.9,3932,10406,3.2,null,6.5,8604,null,10056,4232,3.3,3873,null,4.8,3922,6.7,5067,5.3,4.6,6.9,7.0,7764,null,9596,null,null,9929,5920,5.7,6.6,null,null,5660,4.6,null,1000,5.0,1190,null,4026,5192,9541,6.6,3050,3765,6.4,5.7,5.7,null,10871,null,null,5234,null,4682,4626,7.0,6.6,"Mornington Peninsula",6.7,5562,null,5.4,6.6,3.5,6.3,7.1,5.1,81496,47.5,null,5.4,6.7,6092,697,null,2347,4.9,493,5679,null,4053,null,4.8,46.3,4.8,4136,44.9,11219,null,5986,2019,6.2,8105,4920,5345,11771,null,"21402"
5.4,null,5.6,4.9,4395,1932,34905,6.9,5.2,5.5,5.3,2221,2.8,1.5,2237,29266,2884,null,7.1,1728,1985,5.4,6.0,59.1,5.7,4.5,59084,1856,1960,null,4477,5.8,1531,3218,3171,4.5,3.0,1540,1651,5.4,null,null,1796,null,6.6,5.9,4.7,3370,1319,1568,6.7,819,null,1560,3243,5.2,1324,3575,2.7,null,7.5,2966,null,3393,1370,3.6,1255,null,5.1,1506,6.6,1719,5.5,5.3,7.4,6.0,3155,null,3107,null,null,3421,1646,5.5,7.6,null,null,1785,5.3,null,-178,5.4,321,null,1587,1724,3268,5.7,966,1573,5.8,5.3,5.5,null,3917,null,null,2104,null,1460,1576,6.0,7.6,"Grampians",7.4,2149,null,5.3,6.2,3.3,6.7,6.1,5.0,29818,47.2,null,5.0,7.6,1790,193,null,830,5.3,128,1775,null,1598,null,4.2,46.2,4.4,1567,45.2,4064,null,2158,2019,6.1,2625,1597,2256,3565,null,"21501"
6.3,null,4.5,6.4,3502,1692,34763,5.5,5.4,6.4,5.4,1818,2.0,2.5,1730,28062,3561,null,5.6,1809,1689,7.0,6.7,62.3,6.4,3.1,55777,1859,1527,null,3567,6.5,1506,3620,3523,6.1,2.4,1730,1828,6.4,null,null,1844,null,6.1,6.0,3.4,2581,866,1972,5.4,566,null,1838,2942,6.6,1723,3537,2.0,null,6.2,3172,null,3576,944,2.5,895,null,5.5,1522,6.0,1678,6.6,7.2,6.3,6.3,4013,null,3001,null,null,3375,1276,6.3,6.4,null,null,1358,6.2,null,-433,6.5,758,null,2041,1305,3539,4.6,792,1727,4.7,5.4,6.2,null,3381,null,null,1560,null,1650,1495,6.2,6.3,"Mildura",6.3,1416,null,6.2,6.7,2.8,6.1,6.4,5.7,27715,39.9,null,5.9,6.5,1796,460,null,550,7.4,298,1708,null,1796,null,3.2,38.9,3.3,1792,37.9,3087,null,1772,2019,6.3,1839,1732,1749,3504,null,"21502"
5.4,null,5.5,5.1,2678,1172,21845,6.9,5.0,5.6,5.0,1315,2.7,2.1,1361,18255,1897,null,7.3,1177,1208,5.1,6.2,58.7,6.1,4.1,37245,1156,1171,null,2670,6.2,920,2199,1998,4.5,3.1,1063,1109,6.0,null,null,1178,null,6.4,6.0,4.6,2075,748,932,6.4,551,null,1075,2056,5.7,822,2243,2.9,null,7.2,1895,null,2285,842,3.4,785,null,5.1,968,6.4,1087,5.8,5.4,7.2,6.0,1999,null,1862,null,null,2495,1000,6.0,7.2,null,null,1153,5.2,null,-439,5.9,280,null,1067,1075,2240,5.6,602,978,5.7,5.0,6.1,null,2380,null,null,1392,null,927,942,5.8,7.1,"Murray River - Swan Hill",7.2,1255,null,5.8,6.1,3.3,6.4,6.1,5.1,18990,45.8,null,5.1,7.2,1120,169,null,507,5.6,111,1106,null,1020,null,4.1,45.0,4.4,1090,44.2,2563,null,1317,2019,6.0,1627,1107,1355,2226,null,"21503"
4.8,null,5.8,5.5,2641,1305,22274,6.8,5.4,5.1,5.0,1437,2.4,8.3,1371,18979,2071,null,6.9,1203,1232,5.1,6.3,58.9,6.2,3.6,37830,1238,1282,null,2799,6.4,1030,2012,1825,5.0,3.2,1094,1015,5.3,null,null,1181,null,6.7,5.9,4.3,2205,677,960,6.8,558,null,1116,2689,5.9,955,2365,3.0,null,7.3,1826,null,2347,814,3.0,911,null,4.6,863,6.9,1127,5.4,5.2,6.7,6.2,1965,null,1977,null,null,2719,1100,6.1,7.4,null,null,1205,4.5,null,-30,5.3,125,null,1005,1105,2297,5.8,647,851,5.9,5.2,6.1,null,2537,null,null,1294,null,963,947,6.1,7.2,"Campaspe",7.0,1121,null,5.8,6.6,3.4,6.5,6.2,4.8,18851,45.9,null,5.1,7.6,1181,76,null,444,5.3,49,1155,null,974,null,4.8,45.5,4.6,997,45.0,2576,null,1270,2019,6.3,1725,1166,1362,2336,null,"21601"
4.8,null,6.9,5.2,2188,959,17147,7.3,5.1,5.2,4.7,1150,2.8,7.4,1085,14943,1558,null,7.3,957,953,4.4,6.1,57.3,5.8,3.4,29925,886,1099,null,2224,6.4,760,1605,1438,5.0,3.3,823,813,5.3,null,null,920,null,6.4,6.3,4.9,2053,508,659,7.4,486,null,810,2048,5.4,748,1822,3.2,null,7.2,1353,null,1739,735,3.1,713,null,4.4,659,6.4,936,5.4,4.9,7.4,5.9,1468,null,1462,null,null,2038,1034,5.9,7.4,null,null,986,4.5,null,10,5.4,184,null,809,1019,1780,6.9,500,667,6.8,4.9,5.5,null,1912,null,null,1100,null,694,702,6.1,7.2,"Moira",7.3,926,null,5.5,5.9,3.3,6.4,5.7,4.5,14982,47.9,null,4.6,7.7,853,112,null,418,5.4,72,911,null,771,null,4.8,47.2,4.8,792,46.5,2199,null,1103,2019,6.1,1448,819,1074,1764,null,"21602"
6.4,null,4.4,5.9,3870,2047,41098,5.4,5.8,6.5,5.5,2144,1.8,28.5,1880,33088,3911,null,5.2,2287,2036,6.5,7.1,61.9,6.9,2.9,66389,2365,1822,null,4250,6.9,1920,4484,4255,5.6,2.2,2094,2405,6.3,null,null,2371,null,6.2,6.4,3.5,2984,960,2161,5.5,704,null,2068,3566,6.2,1843,4467,2.1,null,5.6,4007,null,4563,1142,2.4,1030,null,5.8,1939,6.2,2102,7.2,6.4,6.0,6.5,4263,null,3760,null,null,3927,1472,6.6,6.4,null,null,1487,6.4,null,-361,6.8,881,null,2102,1512,4381,4.5,783,2115,4.5,5.7,6.6,null,4083,null,null,1743,null,2068,1840,6.6,6.3,"Shepparton",5.8,1569,null,6.3,7.1,2.4,6.1,6.4,6.0,33301,39.7,null,6.3,6.5,2129,534,null,609,6.3,347,2189,null,2140,null,3.1,38.6,3.3,2079,37.4,3565,null,1990,2019,6.7,2172,2192,2106,4318,null,"21603"
4.2,null,5.7,4.9,2836,1324,21317,7.5,5.5,4.6,5.3,1428,2.4,2.8,1406,18019,1740,null,7.7,1205,1215,4.0,5.6,59.5,5.4,4.1,35816,1122,1320,null,2849,6.8,996,1914,1511,4.3,2.9,1090,981,5.2,null,null,999,null,7.1,5.3,4.6,2149,747,720,7.3,485,null,962,1978,5.4,778,2073,2.7,null,7.9,1756,null,1948,823,3.3,699,null,4.7,842,7.3,951,5.5,4.3,7.9,6.5,1539,null,1939,null,null,2107,1029,6.4,8.0,null,null,1040,3.8,null,-129,5.3,153,null,819,1120,2295,6.0,555,683,6.3,5.4,5.3,null,2539,null,null,1364,null,914,943,6.2,8.0,"Glenelg - Southern Grampians",7.9,1169,null,6.0,6.3,3.1,6.8,6.7,4.9,17797,48.6,null,5.1,7.9,1204,94,null,422,4.6,59,1109,null,828,null,3.9,47.6,4.2,933,46.6,2684,null,1430,2019,5.8,1522,949,1421,2313,null,"21701"
4.8,null,5.7,5.2,2816,1238,22205,7.0,5.0,4.6,5.0,1438,2.1,4.7,1374,18513,1968,null,7.2,1130,1284,5.0,6.4,59.2,6.1,3.5,37495,1296,1279,null,2814,6.0,933,2025,1803,4.7,3.0,1019,1023,5.4,null,null,1213,null,6.7,5.8,4.6,2170,651,917,6.9,499,null,1090,2056,5.7,878,2378,2.6,null,7.2,1882,null,2291,848,2.8,759,null,4.9,934,6.7,1082,5.4,5.2,7.8,6.4,1964,null,1885,null,null,2246,1064,5.7,7.5,null,null,1119,5.0,null,-190,5.4,206,null,1047,1106,2149,5.8,620,945,5.8,5.0,5.8,null,2522,null,null,1364,null,948,952,6.2,7.2,"Colac - Corangamite",7.5,1057,null,5.5,6.8,3.3,6.8,6.6,5.0,18982,47.4,null,5.1,7.8,1218,127,null,406,5.5,79,1184,null,858,null,4.0,45.9,4.3,1002,44.3,2643,null,1442,2019,6.3,1607,1078,1376,2402,null,"21703"
5.7,null,4.8,6.1,3395,1714,32215,6.0,5.8,5.6,5.7,1867,1.9,9.5,1588,26432,3158,null,6.1,1609,1599,6.2,6.9,61.9,6.4,3.4,52049,1747,1580,null,3521,6.3,1543,2977,2950,5.4,2.3,1622,1530,5.5,null,null,1757,null,6.4,6.4,3.6,2559,902,1633,6.0,512,null,1719,2618,6.7,1439,3438,2.0,null,6.2,2842,null,3346,964,2.7,806,null,5.2,1341,6.5,1691,6.0,6.7,6.8,6.4,3485,null,3011,null,null,2730,1260,6.2,6.8,null,null,1210,5.8,null,-112,5.7,606,null,1852,1299,3231,4.9,698,1482,5.1,5.8,6.0,null,3313,null,null,1560,null,1501,1468,6.3,6.5,"Warrnambool",6.5,1394,null,6.1,6.8,2.6,6.2,6.5,5.5,25617,42.6,null,5.7,7.1,1707,371,null,492,7.2,235,1602,null,1468,null,3.1,41.0,3.4,1447,39.2,3140,null,1807,2019,6.6,1770,1589,1654,3309,null,"21704"
